{"cameraMode":{"drawMode":0,"name":"Shaded","section":"Shading Mode"},"sceneLighting":false,"audioPlay":false,"sceneViewState":{"showFog":true,"showMaterialUpdate":false,"showSkybox":true,"showFlares":true,"showImageEffects":true,"showParticleSystems":true},"in2DMode":false,"pivot":{"x":2.5880064964294435,"y":-19.763036727905275,"z":-11.580370903015137},"rotation":{"x":0.32633504271507265,"y":0.5855254530906677,"z":-0.277666836977005,"w":0.6881564855575562},"size":25.15567398071289,"orthographic":false}